
insert into doctor(dct_id,dct_name,degree,specialist,visiting_time,visit,dct_contact) values
                  (1001,'Dr. Shirin Akter','MCPS','Gynae','Sat-Thus: 7.00pm -9.00pm',500,01912345678);
insert into doctor(dct_id,dct_name,degree,specialist,visiting_time,visit,dct_contact) values
                  (1002,'Dr. Fahmida Khan','MBBS,MCPS','Gynae','Sat-Thus: 6.00pm -8.00pm',500,01912376984);
insert into doctor(dct_id,dct_name,degree,specialist,visiting_time,visit,dct_contact) values
                  (1003,'Dr. Gopen Kumar','MBBS,FCPS(Child)','Child Neuro Specialist','Sat-Wed: 7.30pm -9.00pm',600,01712345679);
insert into doctor(dct_id,dct_name,degree,specialist,visiting_time,visit,dct_contact) values
                  (1004,'Dr. Ayub Ansari','MBBS','Neuro Surgeon','Sun-Thus: 7.00pm -10.00pm',600,01913654876);
insert into doctor(dct_id,dct_name,degree,specialist,visiting_time,visit,dct_contact) values
                  (1005,'Dr. Abul Khair','MBBS,FCPS(ped)','Orthopaedic Surgeon','Sat-Thus: 8.00pm -9.30pm',700,01915672835);
insert into doctor(dct_id,dct_name,degree,specialist,visiting_time,visit,dct_contact) values
                  (1006,'Prof. Shamsuddin Ahmed','MBBS,FCPS,FRCS(Glasgow)','Orthopaedic Surgeon','Sat-Thus: 6.00pm -9.00pm',700,01913762343);
insert into doctor(dct_id,dct_name,degree,specialist,visiting_time,visit,dct_contact) values
                  (1007,'Dr. Shunil Kumar','MBBS','Cardio Vascular Surgeon','Sat-Wed: 6.00pm -9.00pm',600,01763876121);
insert into doctor(dct_id,dct_name,degree,specialist,visiting_time,visit,dct_contact) values
                  (1008,'Dr. Shahed Rahman','MCPS','Neuro Surgeon','Sat-Thus: 7.00pm -9.00pm',500,01912322678);
insert into doctor(dct_id,dct_name,degree,specialist,visiting_time,visit,dct_contact) values
                  (1009,'Dr. Sharmin Akter','MCPS','Gynae','Sat-Thus: 7.00pm -9.30pm',400,01915345678);
insert into doctor(dct_id,dct_name,degree,specialist,visiting_time,visit,dct_contact) values
                  (1010,'Prof. Shamima Akter','MBBS,MCPS,FRCS','Gynae','Sat-Thus: 8.00pm -9.00pm',600,01912945678);
insert into doctor(dct_id,dct_name,degree,specialist,visiting_time,visit,dct_contact) values
                  (1011,'Dr. Evana Nasrin','MBBS,FCPS(Child)','Child Neuro Specialist','Sat-Wed: 7.30pm -9.00pm',500,01712344479);
insert into doctor(dct_id,dct_name,degree,specialist,visiting_time,visit,dct_contact) values
                  (1012,'Prof. Farrukh Ahmed','MBBS,FCPS(Child)','Child Neuro Specialist','Sat-Wed: 7.30pm -9.00pm',600,01713345679);
insert into doctor(dct_id,dct_name,degree,specialist,visiting_time,visit,dct_contact) values
                  (1013,'Dr. Ivy Nasrin','MBBS,FCPS','Gynae','Sat-Wed: 7.30pm -9.00pm',500,01755345779);
insert into doctor(dct_id,dct_name,degree,specialist,visiting_time,visit,dct_contact) values
                  (1014,'Dr. Rubel Ahmed','MBBS,FCPS','Neuro Surgeon','Sat-Wed: 7.30pm -9.00pm',600,01712468679);
insert into doctor(dct_id,dct_name,degree,specialist,visiting_time,visit,dct_contact) values
                  (1015,'Dr. Monika Akter','MBBS,MCPS,FCPS','Orthopaedic Surgeon','Sat-Thus: 7.00pm -9.00pm',500,019342345678);
insert into doctor(dct_id,dct_name,degree,specialist,visiting_time,visit,dct_contact) values
                  (1016,'Dr. Sohrab Hasan','MBBS,MCPS,FCPS','Neuro Surgeon','Sat-Thus: 7.00pm -9.00pm',500,01966345678);
insert into doctor(dct_id,dct_name,degree,specialist,visiting_time,visit,dct_contact) values
                  (1017,'Dr. Shila Ahmed','MCPS','Gynae','Sat-Thus: 7.00pm -9.00pm',500,01912388678);
                  

update doctor set account = 0;






insert into nurse(id,name) values(2001,'Sabina Parvin');
insert into nurse(id,name) values(2002,'Salma Akter');
insert into nurse(id,name) values(2003,'Rahima Khatun');
insert into nurse(id,name) values(2004,'Tanjila Akter');
insert into nurse(id,name) values(2005,'Marufa Parvin');
insert into nurse(id,name) values(2006,'Nasrin Akter');
insert into nurse(id,name) values(2007,'Nadia Akter');
insert into nurse(id,name) values(2008,'Rina Khatun');	
insert into nurse(id,name) values(2009,'Asma Ahmed');
insert into nurse(id,name) values(2010,'Rehana Khatun');
insert into nurse(id,name) values(2011,'Rumana Akter');
insert into nurse(id,name) values(2012,'Rubina Sultana');
insert into nurse(id,name) values(2013,'Sufia Sultana');
insert into nurse(id,name) values(2014,'Nigar Sultana');
insert into nurse(id,name) values(2015,'Jannat Khatun');
insert into nurse(id,name) values(2016,'Tania Sultana');



insert into cabin values(101,1,'Standard Bed','vacant',3000,2003);
insert into cabin values(102,1,'Shared Superior','vacant',5000,2001);
insert into cabin values(103,1,'Superior','Booked',8000,2002);
insert into cabin values(104,1,'Deluxe','vacant',9500,2004);
insert into cabin values(201,2,'High Dependency Unit','Booked',10000,2005);
insert into cabin values(202,2,'Coronary Care Unit','vacant',10000,2006);	
insert into cabin values(203,2,'Standard Bed','Booked',3000,2007);
insert into cabin values(204,2,'Standard Bed','Booked',3000,2008);
insert into cabin values(301,3,'Standard Bed','vacant',3000,2013);
insert into cabin values(302,3,'Standard Bed','Booked',3000,2012);
insert into cabin values(303,3,'Standard Bed','vacant',3000,2011);
insert into cabin values(304,3,'Standard Bed','vacant',3000,2010);
insert into cabin values(105,1,'Superior','Booked',8000,2016);
insert into cabin values(106,1,'Superior','vacant',8000,2015);
insert into cabin values(107,1,'Superior','vacant',8000,2014);
insert into cabin values(108,1,'Superior','Booked',8000,2009);



insert into patient (id,name,cabin,dct_id,contact,admission_date, releasing_date,birthday)values
                    (3009,'Sohana Akter',106,1017,01912770398,to_date('11-03-17' ,'dd-mm-yy'),
                     to_date('20-03-17' ,'dd-mm-yy'),to_date('20-03-1978' ,'dd-mm-yyyy'));
insert into patient (id,name,cabin,dct_id,contact,admission_date, releasing_date,birthday)values
                    (3010,'Naima Ahmed',107,1016,01912300398,to_date('11-02-17' ,'dd-mm-yy'),
                     to_date('20-03-17' ,'dd-mm-yy'),to_date('20-03-1977' ,'dd-mm-yyyy'));
insert into patient (id,name,cabin,dct_id,contact,admission_date, releasing_date,birthday)values
                    (3011,'Nazim Uddin',304,1015,01911240398,to_date('11-05-17' ,'dd-mm-yy'),
                    to_date('20-06-17' ,'dd-mm-yy'),to_date('20-03-1967' ,'dd-mm-yyyy'));
insert into patient (id,name,cabin,dct_id,contact,admission_date, releasing_date,birthday)values
                    (3012,'Mostafiz Ahmed',303,1014,01912550398,to_date('20-03-17' ,'dd-mm-yy'),
                    to_date('26-03-18' ,'dd-mm-yy'),to_date('20-03-1979' ,'dd-mm-yyyy'));
insert into patient (id,name,cabin,dct_id,contact,admission_date,birthday)values
                    (3001,'Ruhul Hasan',103,1003,01912380398,to_date('01-02-18' ,'dd-mm-yy'),to_date('20-03-1972' ,'dd-mm-yyyy'));
insert into patient (id,name,cabin,dct_id,contact,admission_date,birthday)values
                    (3002,'Abdul Karim',201,1003,01912389398,to_date('02-03-18' ,'dd-mm-yy'),to_date('20-03-1997' ,'dd-mm-yyyy'));
insert into patient (id,name,cabin,dct_id,contact,admission_date,birthday)values
                    (3003,'Rumana Amin',203,1003,01712380398,to_date('05-02-18' ,'dd-mm-yy'),to_date('20-03-1957' ,'dd-mm-yyyy'));
insert into patient (id,name,cabin,dct_id,contact,admission_date,birthday)values
                    (3004,'Rita Khan',204,1001,01912340398,to_date('11-01-18' ,'dd-mm-yy'),to_date('11-01-1988' ,'dd-mm-yyyy'));
insert into patient (id,name,cabin,dct_id,contact,admission_date,birthday)values
                    (3005,'Mahadi Hasan',302,1008,01912320398,to_date('05-02-18' ,'dd-mm-yy'),to_date('11-01-1987' ,'dd-mm-yyyy'));
insert into patient (id,name,cabin,dct_id,contact,admission_date, releasing_date,birthday)values
                    (3006,'Rana Ahmed',101,1004,01932380398,to_date('01-02-18' ,'dd-mm-yy'),
                    to_date('01-03-18' ,'dd-mm-yy'),to_date('11-01-1998' ,'dd-mm-yyyy'));
insert into patient (id,name,cabin,dct_id,contact,admission_date, releasing_date,birthday)values
                    (3007,'Murad Khan',102,1014,01911340398,to_date('14-01-18' ,'dd-mm-yy'),
                    to_date('01-02-18' ,'dd-mm-yy'),to_date('11-01-1986' ,'dd-mm-yyyy'));
insert into patient (id,name,cabin,dct_id,contact,admission_date, releasing_date,birthday)values
                    (3013,'Akila Khatun',102,1001,01914440398,to_date('14-01-18' ,'dd-mm-yy'),
                    to_date('01-02-18' ,'dd-mm-yy'),to_date('11-01-1986' ,'dd-mm-yyyy'));
insert into patient (id,name,cabin,dct_id,contact,admission_date, releasing_date,birthday)values
                    (3014,'Jannat Khatun',103,1002,01999440398,to_date('14-01-18' ,'dd-mm-yy'),
                    to_date('01-02-18' ,'dd-mm-yy'),to_date('11-01-1982' ,'dd-mm-yyyy'));
insert into patient (id,name,cabin,dct_id,contact,admission_date, releasing_date,birthday)values
                    (3015,'Halima Khatun',103,1003,01997740398,to_date('14-01-18' ,'dd-mm-yy'),
                    to_date('01-02-18' ,'dd-mm-yy'),to_date('11-01-1958' ,'dd-mm-yyyy'));
insert into patient (id,name,cabin,dct_id,contact,admission_date, releasing_date,birthday)values
                    (3016,'Mustafa Ali',108,1004,01997660398,to_date('14-01-18' ,'dd-mm-yy'),
                    to_date('01-02-18' ,'dd-mm-yy'),to_date('11-01-1948' ,'dd-mm-yyyy'));
insert into patient (id,name,cabin,dct_id,contact,admission_date, releasing_date,birthday)values
                    (3017,'Zulfikar Ahmed',108,1001,01887660398,to_date('14-01-18' ,'dd-mm-yy'),
                    to_date('01-02-18' ,'dd-mm-yy'),to_date('11-01-1948' ,'dd-mm-yyyy'));
insert into patient (id,name,cabin,dct_id,contact,admission_date, releasing_date,birthday)values
                    (3018,'Shakil Ahmed',105,1001,01899660398,to_date('14-01-18' ,'dd-mm-yy'),
                    to_date('01-02-18' ,'dd-mm-yy'),to_date('11-01-1955' ,'dd-mm-yyyy'));              
insert into patient (id,name,cabin,dct_id,contact,admission_date, releasing_date,birthday)
                    values(3019,'Zulfikar Ali',108,1001,01884460398,to_date('14-01-18' ,'dd-mm-yy'),
                    to_date('01-02-18' ,'dd-mm-yy'),to_date('11-01-1965' ,'dd-mm-yyyy'));       

insert into patient (id,name,cabin,dct_id,contact,admission_date,birthday)
                    values(3020,'Faria Ahmed',101,1010,01884465698,to_date('14-01-18' ,'dd-mm-yy'),
                    to_date('11-01-1965' ,'dd-mm-yyyy')); 
                    
insert into patient (id,name,cabin,dct_id,contact,admission_date,birthday)
                    values(3021,'Shakila Ahmed',101,1005,01884465634,to_date('14-01-18' ,'dd-mm-yy'),
                    to_date('11-01-1965' ,'dd-mm-yyyy'));                    
                    
insert into patient (id,name,cabin,dct_id,contact,admission_date,birthday)
                    values(3022,'Shamim Mustafiz',102,1006,01884675634,to_date('14-01-18' ,'dd-mm-yy'),
                    to_date('11-01-1965' ,'dd-mm-yyyy'));                      